Signal_ScenarioA_Mpi-10_MA-3p33_ctau-0p25mm,0.30888
Signal_ScenarioA_Mpi-10_MA-3p33_ctau-0p6mm,0.307355
Signal_ScenarioA_Mpi-10_MA-3p33_ctau-25p0mm,0.307835
Signal_ScenarioA_Mpi-10_MA-3p33_ctau-2p5mm,0.30740666666666666
Signal_ScenarioA_Mpi-10_MA-3p33_ctau-60p0mm,0.30761666666666665
Signal_ScenarioA_Mpi-10_MA-3p33_ctau-6p0mm,0.308275
Signal_ScenarioA_Mpi-10_MA-3p33_ctau-0p1mm,0.308275
Signal_ScenarioA_Mpi-10_MA-3p33_ctau-1p0mm,0.308275
Signal_ScenarioA_Mpi-10_MA-3p33_ctau-10mm,0.308275
Signal_ScenarioA_Mpi-10_MA-3p33_ctau-100mm,0.308275
Signal_ScenarioA_Mpi-12_MA-1p20_ctau-0p1mm,0.43637333333333334
Signal_ScenarioA_Mpi-12_MA-1p20_ctau-0p25mm,0.43666
Signal_ScenarioA_Mpi-12_MA-1p20_ctau-0p6mm,0.43678833333333333
Signal_ScenarioA_Mpi-12_MA-1p20_ctau-10mm,0.4368516666666667
Signal_ScenarioA_Mpi-12_MA-1p20_ctau-100mm,0.43598166666666666
Signal_ScenarioA_Mpi-12_MA-1p20_ctau-1000mm,0.43598166666666666
Signal_ScenarioA_Mpi-12_MA-1p20_ctau-1p0mm,0.43567
Signal_ScenarioA_Mpi-12_MA-1p20_ctau-25p0mm,0.437285
Signal_ScenarioA_Mpi-12_MA-1p20_ctau-2p5mm,0.4361216666666667
Signal_ScenarioA_Mpi-12_MA-1p20_ctau-60p0mm,0.436455
Signal_ScenarioA_Mpi-12_MA-1p20_ctau-6p0mm,0.436565
Signal_ScenarioA_Mpi-1_MA-0p33_ctau-0p25mm,0.661595
Signal_ScenarioA_Mpi-1_MA-0p33_ctau-0p6mm,0.661995
Signal_ScenarioA_Mpi-1_MA-0p33_ctau-25p0mm,0.6622353923205342
Signal_ScenarioA_Mpi-1_MA-0p33_ctau-2p5mm,0.6623316666666667
Signal_ScenarioA_Mpi-1_MA-0p33_ctau-60p0mm,0.6622783333333333
Signal_ScenarioA_Mpi-1_MA-0p33_ctau-6p0mm,0.66238
Signal_ScenarioA_Mpi-1_MA-0p33_ctau-0p1mm,0.661595
Signal_ScenarioA_Mpi-1_MA-0p33_ctau-1p0mm,0.661595
Signal_ScenarioA_Mpi-1_MA-0p33_ctau-10mm,0.661595
Signal_ScenarioA_Mpi-1_MA-0p33_ctau-100mm,0.661595
Signal_ScenarioA_Mpi-1p20_MA-0p40_ctau-0p1mm,0.8311216666666666
Signal_ScenarioA_Mpi-1p20_MA-0p40_ctau-0p25mm,0.83035
Signal_ScenarioA_Mpi-1p20_MA-0p40_ctau-0p6mm,0.830983305509182
Signal_ScenarioA_Mpi-1p20_MA-0p40_ctau-10mm,0.8312933333333333
Signal_ScenarioA_Mpi-1p20_MA-0p40_ctau-100mm,0.8314033333333334
Signal_ScenarioA_Mpi-1p20_MA-0p40_ctau-1p0mm,0.8302116666666667
Signal_ScenarioA_Mpi-1p20_MA-0p40_ctau-25p0mm,0.8317033333333334
Signal_ScenarioA_Mpi-1p20_MA-0p40_ctau-2p5mm,0.8307383333333334
Signal_ScenarioA_Mpi-1p20_MA-0p40_ctau-60p0mm,0.8306483333333333
Signal_ScenarioA_Mpi-1p20_MA-0p40_ctau-6p0mm,0.83123
Signal_ScenarioA_Mpi-2_MA-0p67_ctau-0p1mm,0.528065
Signal_ScenarioA_Mpi-2_MA-0p67_ctau-1p0mm,0.528065
Signal_ScenarioA_Mpi-2_MA-0p67_ctau-10mm,0.528065
Signal_ScenarioA_Mpi-2_MA-0p67_ctau-100mm,0.528065
Signal_ScenarioA_Mpi-2_MA-0p67_ctau-1000mm,0.528065
Signal_ScenarioA_Mpi-2_MA-0p67_ctau-0p25mm,0.528065
Signal_ScenarioA_Mpi-2_MA-0p67_ctau-0p6mm,0.5263956594323873
Signal_ScenarioA_Mpi-2_MA-0p67_ctau-25p0mm,0.5265533333333333
Signal_ScenarioA_Mpi-2_MA-0p67_ctau-2p5mm,0.5272366666666667
Signal_ScenarioA_Mpi-2_MA-0p67_ctau-60p0mm,0.5266366666666666
Signal_ScenarioA_Mpi-2_MA-0p67_ctau-6p0mm,0.5269216666666666
Signal_ScenarioA_Mpi-2p70_MA-0p90_ctau-0p1mm,0.6631020066889632
Signal_ScenarioA_Mpi-2p70_MA-0p90_ctau-0p25mm,0.6631862416107382
Signal_ScenarioA_Mpi-2p70_MA-0p90_ctau-0p6mm,0.6624230769230769
Signal_ScenarioA_Mpi-2p70_MA-0p90_ctau-10mm,0.663923205342237
Signal_ScenarioA_Mpi-2p70_MA-0p90_ctau-100mm,0.6620866666666667
Signal_ScenarioA_Mpi-2p70_MA-0p90_ctau-1p0mm,0.6633892617449665
Signal_ScenarioA_Mpi-2p70_MA-0p90_ctau-25p0mm,0.6629162479061976
Signal_ScenarioA_Mpi-2p70_MA-0p90_ctau-2p5mm,0.6639
Signal_ScenarioA_Mpi-2p70_MA-0p90_ctau-60p0mm,0.6631593959731543
Signal_ScenarioA_Mpi-2p70_MA-0p90_ctau-6p0mm,0.6638093645484949
Signal_ScenarioA_Mpi-3_MA-1_ctau-0p1mm,0.6991387959866221
Signal_ScenarioA_Mpi-3_MA-1_ctau-0p25mm,0.69888
Signal_ScenarioA_Mpi-3_MA-1_ctau-0p6mm,0.6978966666666667
Signal_ScenarioA_Mpi-3_MA-1_ctau-10mm,0.6987747899159664
Signal_ScenarioA_Mpi-3_MA-1_ctau-100mm,0.6982130872483221
Signal_ScenarioA_Mpi-3_MA-1_ctau-1p0mm,0.6982763819095478
Signal_ScenarioA_Mpi-3_MA-1_ctau-25p0mm,0.6977936241610738
Signal_ScenarioA_Mpi-3_MA-1_ctau-2p5mm,0.6995409015025041
Signal_ScenarioA_Mpi-3_MA-1_ctau-60p0mm,0.6970217755443886
Signal_ScenarioA_Mpi-3_MA-1_ctau-6p0mm,0.6978993288590604
Signal_ScenarioA_Mpi-3p33_MA-0p33_ctau-0p1mm,0.7803136593591905
Signal_ScenarioA_Mpi-3p33_MA-0p33_ctau-0p25mm,0.7789966611018364
Signal_ScenarioA_Mpi-3p33_MA-0p33_ctau-0p6mm,0.7795209380234506
Signal_ScenarioA_Mpi-3p33_MA-0p33_ctau-10mm,0.779771285475793
Signal_ScenarioA_Mpi-3p33_MA-0p33_ctau-100mm,0.7790016722408026
Signal_ScenarioA_Mpi-3p33_MA-0p33_ctau-1p0mm,0.7789732888146912
Signal_ScenarioA_Mpi-3p33_MA-0p33_ctau-25p0mm,0.7792040472175379
Signal_ScenarioA_Mpi-3p33_MA-0p33_ctau-2p5mm,0.7787491582491582
Signal_ScenarioA_Mpi-3p33_MA-0p33_ctau-60p0mm,0.7784991624790619
Signal_ScenarioA_Mpi-3p33_MA-0p33_ctau-6p0mm,0.7792327150084317
Signal_ScenarioA_Mpi-4_MA-0p10_ctau-0p1mm,0.737285
Signal_ScenarioA_Mpi-4_MA-0p10_ctau-1p0mm,0.737285
Signal_ScenarioA_Mpi-4_MA-0p10_ctau-10mm,0.737285
Signal_ScenarioA_Mpi-4_MA-0p10_ctau-100mm,0.737285
Signal_ScenarioA_Mpi-4_MA-0p40_ctau-0p25mm,0.737285
Signal_ScenarioA_Mpi-4_MA-0p40_ctau-0p6mm,0.7365041876046902
Signal_ScenarioA_Mpi-4_MA-0p40_ctau-25p0mm,0.7385979899497488
Signal_ScenarioA_Mpi-4_MA-0p40_ctau-2p5mm,0.7355125208681135
Signal_ScenarioA_Mpi-4_MA-0p40_ctau-60p0mm,0.7364690117252931
Signal_ScenarioA_Mpi-4_MA-0p40_ctau-6p0mm,0.7366828046744575
Signal_ScenarioA_Mpi-4_MA-1p33_ctau-0p1mm,0.6637001675041876
Signal_ScenarioA_Mpi-4_MA-1p33_ctau-1p0mm,0.6637001675041876
Signal_ScenarioA_Mpi-4_MA-1p33_ctau-10mm,0.6637001675041876
Signal_ScenarioA_Mpi-4_MA-1p33_ctau-100mm,0.6637001675041876
Signal_ScenarioA_Mpi-4_MA-1p33_ctau-1000mm,0.6637001675041876
Signal_ScenarioA_Mpi-4_MA-1p33_ctau-0p25mm,0.6637001675041876
Signal_ScenarioA_Mpi-4_MA-1p33_ctau-0p6mm,0.6626515912897822
Signal_ScenarioA_Mpi-4_MA-1p33_ctau-25p0mm,0.6635317725752509
Signal_ScenarioA_Mpi-4_MA-1p33_ctau-2p5mm,0.6631555183946488
Signal_ScenarioA_Mpi-4_MA-1p33_ctau-60p0mm,0.6629096989966555
Signal_ScenarioA_Mpi-4_MA-1p33_ctau-6p0mm,0.6630552763819095
Signal_ScenarioA_Mpi-5_MA-1p67_ctau-0p1mm,0.5372333333333333
Signal_ScenarioA_Mpi-5_MA-1p67_ctau-1p0mm,0.5372333333333333
Signal_ScenarioA_Mpi-5_MA-1p67_ctau-10mm,0.5372333333333333
Signal_ScenarioA_Mpi-5_MA-1p67_ctau-100mm,0.5372333333333333
Signal_ScenarioA_Mpi-5_MA-1p67_ctau-1000mm,0.5372333333333333
Signal_ScenarioA_Mpi-5_MA-1p67_ctau-0p25mm,0.5372333333333333
Signal_ScenarioA_Mpi-5_MA-1p67_ctau-0p6mm,0.5376766666666667
Signal_ScenarioA_Mpi-5_MA-1p67_ctau-25p0mm,0.5382826086956521
Signal_ScenarioA_Mpi-5_MA-1p67_ctau-2p5mm,0.5385216666666667
Signal_ScenarioA_Mpi-5_MA-1p67_ctau-60p0mm,0.5375883333333333
Signal_ScenarioA_Mpi-5_MA-1p67_ctau-6p0mm,0.5371233333333333
Signal_ScenarioA_Mpi-6_MA-2_ctau-0p1mm,0.48364
Signal_ScenarioA_Mpi-6_MA-2_ctau-0p25mm,0.484185
Signal_ScenarioA_Mpi-6_MA-2_ctau-0p6mm,0.484475
Signal_ScenarioA_Mpi-6_MA-2_ctau-10mm,0.48432166666666665
Signal_ScenarioA_Mpi-6_MA-2_ctau-100mm,0.484505
Signal_ScenarioA_Mpi-6_MA-2_ctau-1000mm,0.484505
Signal_ScenarioA_Mpi-6_MA-2_ctau-1p0mm,0.4840383973288815
Signal_ScenarioA_Mpi-6_MA-2_ctau-25p0mm,0.48428166666666667
Signal_ScenarioA_Mpi-6_MA-2_ctau-2p5mm,0.4846
Signal_ScenarioA_Mpi-6_MA-2_ctau-60p0mm,0.48438
Signal_ScenarioA_Mpi-6_MA-2_ctau-6p0mm,0.4842136894824708
Signal_ScenarioA_Mpi-6p20_MA-0p62_ctau-0p1mm,0.41978
Signal_ScenarioA_Mpi-6p20_MA-0p62_ctau-0p25mm,0.41981666666666667
Signal_ScenarioA_Mpi-6p20_MA-0p62_ctau-0p6mm,0.421110183639399
Signal_ScenarioA_Mpi-6p20_MA-0p62_ctau-10mm,0.42070833333333335
Signal_ScenarioA_Mpi-6p20_MA-0p62_ctau-100mm,0.41961166666666666
Signal_ScenarioA_Mpi-6p20_MA-0p62_ctau-1p0mm,0.41890166666666667
Signal_ScenarioA_Mpi-6p20_MA-0p62_ctau-25p0mm,0.42033
Signal_ScenarioA_Mpi-6p20_MA-0p62_ctau-2p5mm,0.42072333333333334
Signal_ScenarioA_Mpi-6p20_MA-0p62_ctau-60p0mm,0.4200100334448161
Signal_ScenarioA_Mpi-6p20_MA-0p62_ctau-6p0mm,0.41993833333333336
Signal_ScenarioA_Mpi-6p90_MA-0p69_ctau-0p1mm,0.27529166666666666
Signal_ScenarioA_Mpi-6p90_MA-0p69_ctau-0p25mm,0.27524166666666666
Signal_ScenarioA_Mpi-6p90_MA-0p69_ctau-0p6mm,0.27478726968174205
Signal_ScenarioA_Mpi-6p90_MA-0p69_ctau-10mm,0.2745258764607679
Signal_ScenarioA_Mpi-6p90_MA-0p69_ctau-100mm,0.27476666666666666
Signal_ScenarioA_Mpi-6p90_MA-0p69_ctau-1p0mm,0.27501333333333333
Signal_ScenarioA_Mpi-6p90_MA-0p69_ctau-25p0mm,0.2746176961602671
Signal_ScenarioA_Mpi-6p90_MA-0p69_ctau-2p5mm,0.274955
Signal_ScenarioA_Mpi-6p90_MA-0p69_ctau-60p0mm,0.273925
Signal_ScenarioA_Mpi-6p90_MA-0p69_ctau-6p0mm,0.27473956594323873
Signal_ScenarioA_Mpi-7p50_MA-2p50_ctau-0p1mm,0.394845
Signal_ScenarioA_Mpi-7p50_MA-2p50_ctau-0p25mm,0.39585166666666666
Signal_ScenarioA_Mpi-7p50_MA-2p50_ctau-0p6mm,0.395375
Signal_ScenarioA_Mpi-7p50_MA-2p50_ctau-10mm,0.39469333333333334
Signal_ScenarioA_Mpi-7p50_MA-2p50_ctau-100mm,0.393545
Signal_ScenarioA_Mpi-7p50_MA-2p50_ctau-1000mm,0.393545
Signal_ScenarioA_Mpi-7p50_MA-2p50_ctau-1p0mm,0.3950783333333333
Signal_ScenarioA_Mpi-7p50_MA-2p50_ctau-25p0mm,0.39481135225375624
Signal_ScenarioA_Mpi-7p50_MA-2p50_ctau-2p5mm,0.39489932885906043
Signal_ScenarioA_Mpi-7p50_MA-2p50_ctau-60p0mm,0.3934283333333333
Signal_ScenarioA_Mpi-7p50_MA-2p50_ctau-6p0mm,0.3948466666666667
Signal_ScenarioA_Mpi-9_MA-0p90_ctau-0p1mm,0.36439333333333335
Signal_ScenarioA_Mpi-9_MA-0p90_ctau-0p25mm,0.36370116861435725
Signal_ScenarioA_Mpi-9_MA-0p90_ctau-0p6mm,0.36381166666666664
Signal_ScenarioA_Mpi-9_MA-0p90_ctau-10mm,0.36386644407345575
Signal_ScenarioA_Mpi-9_MA-0p90_ctau-100mm,0.36490833333333333
Signal_ScenarioA_Mpi-9_MA-0p90_ctau-1p0mm,0.3640033388981636
Signal_ScenarioA_Mpi-9_MA-0p90_ctau-25p0mm,0.363925
Signal_ScenarioA_Mpi-9_MA-0p90_ctau-2p5mm,0.36441
Signal_ScenarioA_Mpi-9_MA-0p90_ctau-60p0mm,0.365745
Signal_ScenarioA_Mpi-9_MA-0p90_ctau-6p0mm,0.36497
Signal_ScenarioB1_Mpi-10_MA-3p33_ctau-0p1mm,0.3082378318584071
Signal_ScenarioB1_Mpi-10_MA-3p33_ctau-0p25mm,0.308348
Signal_ScenarioB1_Mpi-10_MA-3p33_ctau-0p6mm,0.3087647647647648
Signal_ScenarioB1_Mpi-10_MA-3p33_ctau-10mm,0.3085010040160643
Signal_ScenarioB1_Mpi-10_MA-3p33_ctau-100mm,0.3071905717151454
Signal_ScenarioB1_Mpi-10_MA-3p33_ctau-1p0mm,0.308285
Signal_ScenarioB1_Mpi-10_MA-3p33_ctau-25p0mm,0.3073774145616642
Signal_ScenarioB1_Mpi-10_MA-3p33_ctau-2p5mm,0.3080460460460461
Signal_ScenarioB1_Mpi-10_MA-3p33_ctau-60p0mm,0.308213
Signal_ScenarioB1_Mpi-10_MA-3p33_ctau-6p0mm,0.30781162324649297
Signal_ScenarioB1_Mpi-12_MA-1p20_ctau-0p1mm,0.4375025466893039
Signal_ScenarioB1_Mpi-12_MA-1p20_ctau-0p25mm,0.43593333333333334
Signal_ScenarioB1_Mpi-12_MA-1p20_ctau-0p6mm,0.43700666666666665
Signal_ScenarioB1_Mpi-12_MA-1p20_ctau-10mm,0.43576166666666666
Signal_ScenarioB1_Mpi-12_MA-1p20_ctau-100mm,0.43513
Signal_ScenarioB1_Mpi-12_MA-1p20_ctau-1000mm,0.43513
Signal_ScenarioB1_Mpi-12_MA-1p20_ctau-1p0mm,0.4362
Signal_ScenarioB1_Mpi-12_MA-1p20_ctau-25p0mm,0.436925
Signal_ScenarioB1_Mpi-12_MA-1p20_ctau-2p5mm,0.43577591973244145
Signal_ScenarioB1_Mpi-12_MA-1p20_ctau-60p0mm,0.4362933333333333
Signal_ScenarioB1_Mpi-12_MA-1p20_ctau-6p0mm,0.43636166666666665
Signal_ScenarioB1_Mpi-1_MA-0p33_ctau-0p1mm,0.8347624481327801
Signal_ScenarioB1_Mpi-1_MA-0p33_ctau-0p25mm,0.8345860215053763
Signal_ScenarioB1_Mpi-1_MA-0p33_ctau-0p6mm,0.8347011235955056
Signal_ScenarioB1_Mpi-1_MA-0p33_ctau-10mm,0.8339649298597195
Signal_ScenarioB1_Mpi-1_MA-0p33_ctau-100mm,0.8345927051671732
Signal_ScenarioB1_Mpi-1_MA-0p33_ctau-1p0mm,0.8346464032421479
Signal_ScenarioB1_Mpi-1_MA-0p33_ctau-25p0mm,0.8343961885656971
Signal_ScenarioB1_Mpi-1_MA-0p33_ctau-2p5mm,0.8353218274111676
Signal_ScenarioB1_Mpi-1_MA-0p33_ctau-60p0mm,0.8346646216768916
Signal_ScenarioB1_Mpi-1_MA-0p33_ctau-6p0mm,0.8345478348439074
Signal_ScenarioB1_Mpi-1p20_MA-0p40_ctau-0p1mm,0.8314882772680938
Signal_ScenarioB1_Mpi-1p20_MA-0p40_ctau-0p25mm,0.8314417426545087
Signal_ScenarioB1_Mpi-1p20_MA-0p40_ctau-0p6mm,0.830978527607362
Signal_ScenarioB1_Mpi-1p20_MA-0p40_ctau-10mm,0.8306919191919192
Signal_ScenarioB1_Mpi-1p20_MA-0p40_ctau-100mm,0.8308638799571275
Signal_ScenarioB1_Mpi-1p20_MA-0p40_ctau-1p0mm,0.8305734693877551
Signal_ScenarioB1_Mpi-1p20_MA-0p40_ctau-25p0mm,0.8308518518518518
Signal_ScenarioB1_Mpi-1p20_MA-0p40_ctau-2p5mm,0.8314441056910569
Signal_ScenarioB1_Mpi-1p20_MA-0p40_ctau-60p0mm,0.8308083588175331
Signal_ScenarioB1_Mpi-1p20_MA-0p40_ctau-6p0mm,0.8297038539553753
Signal_ScenarioB1_Mpi-1p50_MA-0p50_ctau-0p1mm,0.8005616438356165
Signal_ScenarioB1_Mpi-1p50_MA-0p50_ctau-0p25mm,0.8011518218623481
Signal_ScenarioB1_Mpi-1p50_MA-0p50_ctau-0p6mm,0.8008214643931796
Signal_ScenarioB1_Mpi-1p50_MA-0p50_ctau-10mm,0.8014451003541913
Signal_ScenarioB1_Mpi-1p50_MA-0p50_ctau-100mm,0.8016531440162272
Signal_ScenarioB1_Mpi-1p50_MA-0p50_ctau-1p0mm,0.8011869918699187
Signal_ScenarioB1_Mpi-1p50_MA-0p50_ctau-25p0mm,0.800925777331996
Signal_ScenarioB1_Mpi-1p50_MA-0p50_ctau-2p5mm,0.8010240963855422
Signal_ScenarioB1_Mpi-1p50_MA-0p50_ctau-60p0mm,0.8004951612903226
Signal_ScenarioB1_Mpi-1p50_MA-0p50_ctau-6p0mm,0.8003847736625515
Signal_ScenarioB1_Mpi-2_MA-0p67_ctau-0p1mm,0.527311
Signal_ScenarioB1_Mpi-2_MA-0p67_ctau-0p25mm,0.5272451874366768
Signal_ScenarioB1_Mpi-2_MA-0p67_ctau-0p6mm,0.5267277277277277
Signal_ScenarioB1_Mpi-2_MA-0p67_ctau-10mm,0.526228125
Signal_ScenarioB1_Mpi-2_MA-0p67_ctau-100mm,0.5273062248995984
Signal_ScenarioB1_Mpi-2_MA-0p67_ctau-1000mm,0.5273062248995984
Signal_ScenarioB1_Mpi-2_MA-0p67_ctau-1p0mm,0.5277987987987988
Signal_ScenarioB1_Mpi-2_MA-0p67_ctau-25p0mm,0.5274519038076152
Signal_ScenarioB1_Mpi-2_MA-0p67_ctau-2p5mm,0.527299
Signal_ScenarioB1_Mpi-2_MA-0p67_ctau-60p0mm,0.527612
Signal_ScenarioB1_Mpi-2_MA-0p67_ctau-6p0mm,0.5270510510510511
Signal_ScenarioB1_Mpi-2p70_MA-0p90_ctau-0p1mm,0.663015015015015
Signal_ScenarioB1_Mpi-2p70_MA-0p90_ctau-0p25mm,0.663329
Signal_ScenarioB1_Mpi-2p70_MA-0p90_ctau-0p6mm,0.6626253776435045
Signal_ScenarioB1_Mpi-2p70_MA-0p90_ctau-10mm,0.663025075225677
Signal_ScenarioB1_Mpi-2p70_MA-0p90_ctau-100mm,0.6633891675025075
Signal_ScenarioB1_Mpi-2p70_MA-0p90_ctau-1p0mm,0.6636889564336372
Signal_ScenarioB1_Mpi-2p70_MA-0p90_ctau-25p0mm,0.663651
Signal_ScenarioB1_Mpi-2p70_MA-0p90_ctau-2p5mm,0.6632304609218437
Signal_ScenarioB1_Mpi-2p70_MA-0p90_ctau-60p0mm,0.6628204301075269
Signal_ScenarioB1_Mpi-2p70_MA-0p90_ctau-6p0mm,0.6635080321285141
Signal_ScenarioB1_Mpi-3_MA-1_ctau-0p1mm,0.6982705410821644
Signal_ScenarioB1_Mpi-3_MA-1_ctau-0p25mm,0.6967563971340839
Signal_ScenarioB1_Mpi-3_MA-1_ctau-0p6mm,0.6978006012024048
Signal_ScenarioB1_Mpi-3_MA-1_ctau-10mm,0.6981961184882534
Signal_ScenarioB1_Mpi-3_MA-1_ctau-100mm,0.6983111111111111
Signal_ScenarioB1_Mpi-3_MA-1_ctau-1p0mm,0.698098
Signal_ScenarioB1_Mpi-3_MA-1_ctau-25p0mm,0.6976286286286286
Signal_ScenarioB1_Mpi-3_MA-1_ctau-2p5mm,0.6976006128702757
Signal_ScenarioB1_Mpi-3_MA-1_ctau-60p0mm,0.6977144288577154
Signal_ScenarioB1_Mpi-3_MA-1_ctau-6p0mm,0.6982211055276382
Signal_ScenarioB1_Mpi-3p33_MA-0p33_ctau-0p1mm,0.7789248496993988
Signal_ScenarioB1_Mpi-3p33_MA-0p33_ctau-0p25mm,0.7796215384615385
Signal_ScenarioB1_Mpi-3p33_MA-0p33_ctau-0p6mm,0.7785991943605237
Signal_ScenarioB1_Mpi-3p33_MA-0p33_ctau-10mm,0.7792064451158107
Signal_ScenarioB1_Mpi-3p33_MA-0p33_ctau-100mm,0.7786706948640484
Signal_ScenarioB1_Mpi-3p33_MA-0p33_ctau-1p0mm,0.778692385786802
Signal_ScenarioB1_Mpi-3p33_MA-0p33_ctau-25p0mm,0.7794659318637275
Signal_ScenarioB1_Mpi-3p33_MA-0p33_ctau-2p5mm,0.7789448897795591
Signal_ScenarioB1_Mpi-3p33_MA-0p33_ctau-60p0mm,0.7794562814070352
Signal_ScenarioB1_Mpi-3p33_MA-0p33_ctau-6p0mm,0.7788098591549296
Signal_ScenarioB1_Mpi-4_MA-0p40_ctau-0p1mm,0.73712
Signal_ScenarioB1_Mpi-4_MA-0p40_ctau-0p25mm,0.737125
Signal_ScenarioB1_Mpi-4_MA-0p40_ctau-0p6mm,0.7371383333333333
Signal_ScenarioB1_Mpi-4_MA-0p40_ctau-10mm,0.7375933333333333
Signal_ScenarioB1_Mpi-4_MA-0p40_ctau-100mm,0.7371366666666667
Signal_ScenarioB1_Mpi-4_MA-0p40_ctau-1p0mm,0.7369733333333334
Signal_ScenarioB1_Mpi-4_MA-0p40_ctau-25p0mm,0.73714
Signal_ScenarioB1_Mpi-4_MA-0p40_ctau-2p5mm,0.7371183333333333
Signal_ScenarioB1_Mpi-4_MA-0p40_ctau-60p0mm,0.737895
Signal_ScenarioB1_Mpi-4_MA-0p40_ctau-6p0mm,0.73741
Signal_ScenarioB1_Mpi-4_MA-1p33_ctau-0p1mm,0.66269
Signal_ScenarioB1_Mpi-4_MA-1p33_ctau-1p0mm,0.66269
Signal_ScenarioB1_Mpi-4_MA-1p33_ctau-10mm,0.66269
Signal_ScenarioB1_Mpi-4_MA-1p33_ctau-100mm,0.66269
Signal_ScenarioB1_Mpi-4_MA-1p33_ctau-1000mm,0.66269
Signal_ScenarioB1_Mpi-4_MA-1p33_ctau-0p25mm,0.66269
Signal_ScenarioB1_Mpi-4_MA-1p33_ctau-0p6mm,0.6640117252931323
Signal_ScenarioB1_Mpi-4_MA-1p33_ctau-25p0mm,0.6640633333333333
Signal_ScenarioB1_Mpi-4_MA-1p33_ctau-2p5mm,0.6640016666666667
Signal_ScenarioB1_Mpi-4_MA-1p33_ctau-60p0mm,0.662534223706177
Signal_ScenarioB1_Mpi-4_MA-1p33_ctau-6p0mm,0.6623866666666667
Signal_ScenarioB1_Mpi-5_MA-1p67_ctau-0p1mm,0.5360341708542714
Signal_ScenarioB1_Mpi-5_MA-1p67_ctau-0p25mm,0.536624
Signal_ScenarioB1_Mpi-5_MA-1p67_ctau-0p6mm,0.5371550855991943
Signal_ScenarioB1_Mpi-5_MA-1p67_ctau-10mm,0.538388
Signal_ScenarioB1_Mpi-5_MA-1p67_ctau-100mm,0.538206
Signal_ScenarioB1_Mpi-5_MA-1p67_ctau-1000mm,0.538206
Signal_ScenarioB1_Mpi-5_MA-1p67_ctau-1p0mm,0.5371517587939698
Signal_ScenarioB1_Mpi-5_MA-1p67_ctau-25p0mm,0.536748
Signal_ScenarioB1_Mpi-5_MA-1p67_ctau-2p5mm,0.5378423236514522
Signal_ScenarioB1_Mpi-5_MA-1p67_ctau-60p0mm,0.5368994974874371
Signal_ScenarioB1_Mpi-5_MA-1p67_ctau-6p0mm,0.537656
Signal_ScenarioB1_Mpi-6_MA-2_ctau-0p1mm,0.48486693548387094
Signal_ScenarioB1_Mpi-6_MA-2_ctau-0p25mm,0.4851863354037267
Signal_ScenarioB1_Mpi-6_MA-2_ctau-0p6mm,0.4845985985985986
Signal_ScenarioB1_Mpi-6_MA-2_ctau-10mm,0.4847264248704663
Signal_ScenarioB1_Mpi-6_MA-2_ctau-100mm,0.48405215646940825
Signal_ScenarioB1_Mpi-6_MA-2_ctau-1000mm,0.48405215646940825
Signal_ScenarioB1_Mpi-6_MA-2_ctau-1p0mm,0.4855031512605042
Signal_ScenarioB1_Mpi-6_MA-2_ctau-25p0mm,0.48466866866866865
Signal_ScenarioB1_Mpi-6_MA-2_ctau-2p5mm,0.48508066184074455
Signal_ScenarioB1_Mpi-6_MA-2_ctau-60p0mm,0.48576649746192896
Signal_ScenarioB1_Mpi-6_MA-2_ctau-6p0mm,0.4847
Signal_ScenarioB1_Mpi-6p20_MA-0p62_ctau-0p1mm,0.41953344481605354
Signal_ScenarioB1_Mpi-6p20_MA-0p62_ctau-0p25mm,0.41942833333333335
Signal_ScenarioB1_Mpi-6p20_MA-0p62_ctau-0p6mm,0.419355592654424
Signal_ScenarioB1_Mpi-6p20_MA-0p62_ctau-10mm,0.41916166666666665
Signal_ScenarioB1_Mpi-6p20_MA-0p62_ctau-100mm,0.420125
Signal_ScenarioB1_Mpi-6p20_MA-0p62_ctau-1p0mm,0.42016333333333333
Signal_ScenarioB1_Mpi-6p20_MA-0p62_ctau-25p0mm,0.41953833333333335
Signal_ScenarioB1_Mpi-6p20_MA-0p62_ctau-2p5mm,0.4199716666666667
Signal_ScenarioB1_Mpi-6p20_MA-0p62_ctau-60p0mm,0.41926166666666664
Signal_ScenarioB1_Mpi-6p20_MA-0p62_ctau-6p0mm,0.42121
Signal_ScenarioB1_Mpi-6p90_MA-0p69_ctau-0p1mm,0.27568166666666666
Signal_ScenarioB1_Mpi-6p90_MA-0p69_ctau-0p25mm,0.27487833333333334
Signal_ScenarioB1_Mpi-6p90_MA-0p69_ctau-0p6mm,0.27508333333333335
Signal_ScenarioB1_Mpi-6p90_MA-0p69_ctau-10mm,0.27547666666666665
Signal_ScenarioB1_Mpi-6p90_MA-0p69_ctau-100mm,0.27486333333333335
Signal_ScenarioB1_Mpi-6p90_MA-0p69_ctau-1p0mm,0.27528166666666665
Signal_ScenarioB1_Mpi-6p90_MA-0p69_ctau-25p0mm,0.27476
Signal_ScenarioB1_Mpi-6p90_MA-0p69_ctau-2p5mm,0.27451166666666665
Signal_ScenarioB1_Mpi-6p90_MA-0p69_ctau-60p0mm,0.2753021702838063
Signal_ScenarioB1_Mpi-6p90_MA-0p69_ctau-6p0mm,0.275125
Signal_ScenarioB1_Mpi-7p50_MA-2p50_ctau-0p1mm,0.39476028084252757
Signal_ScenarioB1_Mpi-7p50_MA-2p50_ctau-0p25mm,0.3943565656565657
Signal_ScenarioB1_Mpi-7p50_MA-2p50_ctau-0p6mm,0.39383316582914574
Signal_ScenarioB1_Mpi-7p50_MA-2p50_ctau-10mm,0.39541632653061226
Signal_ScenarioB1_Mpi-7p50_MA-2p50_ctau-100mm,0.39550452261306535
Signal_ScenarioB1_Mpi-7p50_MA-2p50_ctau-1000mm,0.39550452261306535
Signal_ScenarioB1_Mpi-7p50_MA-2p50_ctau-1p0mm,0.3942272727272727
Signal_ScenarioB1_Mpi-7p50_MA-2p50_ctau-25p0mm,0.3946659959758551
Signal_ScenarioB1_Mpi-7p50_MA-2p50_ctau-2p5mm,0.39444242424242426
Signal_ScenarioB1_Mpi-7p50_MA-2p50_ctau-60p0mm,0.39527189409368635
Signal_ScenarioB1_Mpi-7p50_MA-2p50_ctau-6p0mm,0.39398178137651824
Signal_ScenarioB1_Mpi-9_MA-0p90_ctau-0p1mm,0.3636644407345576
Signal_ScenarioB1_Mpi-9_MA-0p90_ctau-0p25mm,0.36444666666666664
Signal_ScenarioB1_Mpi-9_MA-0p90_ctau-0p6mm,0.36374
Signal_ScenarioB1_Mpi-9_MA-0p90_ctau-10mm,0.36428
Signal_ScenarioB1_Mpi-9_MA-0p90_ctau-100mm,0.36394166666666666
Signal_ScenarioB1_Mpi-9_MA-0p90_ctau-1p0mm,0.3647283333333333
Signal_ScenarioB1_Mpi-9_MA-0p90_ctau-25p0mm,0.3643983333333333
Signal_ScenarioB1_Mpi-9_MA-0p90_ctau-2p5mm,0.36371137521222413
Signal_ScenarioB1_Mpi-9_MA-0p90_ctau-60p0mm,0.36411333333333334
Signal_ScenarioB1_Mpi-9_MA-0p90_ctau-6p0mm,0.363185618729097
